,Macrophage,B_cell,T_cell,Myoepithelial,Endothelial,Tumor,min_CV
blank_541,0.10032992577309341,0.11654255205031389,0.12792229242597278,0.11053914560529825,0.08624919931315314,0.08227354178709972,0.08227354178709972
EEF1G,0.47562457720943174,0.5105650145783821,0.5606253575257959,0.44763517271978326,0.40155232811833586,0.17451586121661117,0.17451586121661117
MTCO1P40,0.5367925074352609,0.5725725317016063,0.6497408263256405,0.4771707935057643,0.4819117552293484,0.2038162406399941,0.2038162406399941
MALAT1,0.43076617758286256,0.5008272548683219,0.598961230301273,0.4247238571207598,0.3779818359498441,0.2111156315960854,0.2111156315960854
H3F3B,0.8037734436914784,0.7872328530233448,0.9137217432121799,0.7418734012147457,0.7578556709586671,0.22438573340175103,0.22438573340175103
EEF2,0.6190989806768006,0.5936500783377316,0.694392966537558,0.49374467594505594,0.47808282054083195,0.23778990210303028,0.23778990210303028
SFRP1,1.4016655855431306,0.9894970280674259,1.3147851822160663,0.9013137532137462,1.9233316160856468,0.27062929487161497,0.27062929487161497
RPLP0,0.8166989526906642,0.7917155870881336,0.8948539205640896,0.7173082085973448,0.7040306840999264,0.28439937434089485,0.28439937434089485
CD24,1.6365298609559065,1.1647268719632864,1.5206941548767128,1.2684642622059992,2.6094274006825153,0.30028868300692363,0.30028868300692363
LDHA,0.8696624196337029,0.8776202699081038,0.9453206851642808,0.8227229685112856,0.8031907466078381,0.31083996051983803,0.31083996051983803
EPCAM,1.9381149758477485,1.942145550615406,1.9155514133340226,1.6981636960202802,2.9160982284450765,0.3162230781698551,0.3162230781698551
PPIB,0.6983270297854305,0.7512812962133038,0.8420140834818282,0.683020058557709,0.6387843651216749,0.3378994851924006,0.3378994851924006
PECAM1,1.7393297611014154,4.70054954075679,3.466295973811985,4.054723234641197,0.3457521701196588,5.596168397261362,0.3457521701196588
ENO1,0.9674375995083446,0.9745690179810921,1.0728518076287108,0.9219482623021291,1.0235498693297445,0.3457799691029915,0.3457799691029915
GAPDH,1.1318362697777051,1.0571336312191113,1.1808945598547225,1.0017729565251974,1.0685055589296255,0.356416755528447,0.356416755528447
ITGB1,0.7026491878331649,0.744613830478933,0.8392346310415715,0.5788038788175053,0.5226796195935532,0.3933222540709152,0.3933222540709152
BRK1,1.023946325528558,1.0162475524398988,1.144443614725498,0.9403972598637031,0.9393229579388164,0.4206427104269695,0.4206427104269695
VEGFA,1.570205844126959,1.214542091723395,1.5086529011364007,1.484681834023087,2.217309175759135,0.42925832046027923,0.42925832046027923
ACTB,0.6243143566158357,0.7855098415185865,0.7596212678451385,0.6363791706261912,0.6618447608230213,0.44944893182258916,0.44944893182258916
ASPH,1.1429190525089863,1.0620802569701175,1.341651647372921,0.9588932158342912,1.1102207140808853,0.45413490899804904,0.45413490899804904
YWHAZ,1.165502884475146,1.0743881312884291,1.1276879002953952,1.1254257168485882,1.1700321976616046,0.4557170420598415,0.4557170420598415
YWHAQ,1.3044992020084527,1.1548505298828895,1.3009443922236628,1.1235111913630782,1.2240120895642013,0.45788758458644735,0.45788758458644735
PCBP1,0.8917841580895846,0.9558717802579347,0.9854885646606548,1.0011443826420847,0.8729344934630268,0.4643919133580784,0.4643919133580784
LDHB,1.219917483891201,1.0895265532567797,1.1520171390744858,1.0558673058566423,1.1719465105250215,0.46700094754599075,0.46700094754599075
HNRNPA2B1,0.9537378332137152,0.9578089654085845,1.0617329292307902,0.8768078731154096,0.8704616965903408,0.46918646155411253,0.46918646155411253
LYZ,0.4879745306299771,3.7885811296449843,2.471743524967182,3.9438984645398305,2.7085217632155296,2.712325168562785,0.4879745306299771
EIF5A,1.1253466633011162,1.107195161855705,1.2098645766378342,1.0719921669571777,1.0611443752889258,0.49615712792625083,0.49615712792625083
PKM,1.0439016319889576,1.0808391553232746,1.172537354434766,0.9811298871318515,1.1252361036644642,0.5049824254451991,0.5049824254451991
SET,1.036077738720406,1.036623952180841,1.0961129895318054,0.9818820292958724,0.9136162597421208,0.5066459592753849,0.5066459592753849
MIF,1.59424272282121,1.2992612060928939,1.511927728335792,1.4190025140502187,1.7547398007687176,0.5227627425751395,0.5227627425751395
YWHAE,1.234261759977648,1.1902852341229553,1.3754105742971712,1.07446293221516,1.0384918243917178,0.5565652438891963,0.5565652438891963
CD74,0.5604495834452798,1.1898807123410982,0.9392508246620609,1.1239940199270726,0.7446608947201498,1.5517625393435193,0.5604495834452798
POLR2J3,1.080154893320092,1.050491150087512,1.189257521588977,1.0149564322161841,1.031653518786013,0.5649520899382218,0.5649520899382218
TUBA1B,0.9473846056951115,1.1201635726044958,1.219179874657401,0.9564598776184815,0.9209904170259394,0.5808494492743187,0.5808494492743187
KRT19,3.135574978654,4.282291720098757,2.684451561313712,2.8225461962219196,4.791658442769216,0.5896789993950858,0.5896789993950858
HNRNPL,1.2347656196159555,1.1920637963382426,1.3000837936244474,1.1558880209084628,1.1705212771154563,0.59220565171777,0.59220565171777
PDAP1,1.5836704027686759,1.3573275034480454,1.5509262862446254,1.4481633587707592,1.6442638996042322,0.6232516753376838,0.6232516753376838
TOMM7,1.085174297119344,1.0610063819317055,1.0880178941688479,0.9834670622216226,1.0344502132082691,0.625545465919545,0.625545465919545
SDC1,1.4056850489977695,1.2612572400642996,1.4754014480917501,1.1318892660276036,1.7500334823530301,0.637501566932045,0.637501566932045
NDRG1,1.361737948799501,1.2227407549500828,1.350318469891112,1.354254019369658,1.0302085098045186,0.6442893690386078,0.6442893690386078
KRT15,2.1818175260930253,1.5879325648897813,1.887987841989859,1.601137626960758,3.506821691657873,0.6508225072243157,0.6508225072243157
ATP5MG,1.096079075706954,1.1555353725698483,1.187119158893516,1.0799742682464135,1.088038743177872,0.6542844958386843,0.6542844958386843
DSP,2.0027878449999847,1.5587610401220435,1.8380462160794682,1.453560975035042,2.696698303248494,0.6685908152886868,0.6685908152886868
ACTG2,0.9557553065529977,1.128089939275731,1.064564739102632,0.8897917755875708,0.9730955020222994,0.6738073168021081,0.6738073168021081
ACTA2,1.8200334333569512,4.713837288273542,2.50239469442606,0.6794653992089249,1.2048870098223456,3.668227002240292,0.6794653992089249
FADS2,1.8506634975283447,1.4796916888477945,1.7600210151781783,1.7426627910596546,2.06353927162214,0.6822332770107257,0.6822332770107257
VTCN1,2.200892293744435,1.5513438021378354,1.8734904868367566,1.7921602484289108,3.2980179657374804,0.7007064286423899,0.7007064286423899
TPD52,1.946298251092861,1.5478859023658698,1.8353884639080429,1.8346086566118922,2.457334307382829,0.7137548788753374,0.7137548788753374
HINT1,1.2513617047202972,1.2603480531461577,1.2586964571468857,1.1686684057388064,1.157791766317594,0.7208462060851009,0.7208462060851009
SARAF,0.8554009964421612,1.0819444023141767,0.9748533124335268,0.9963815513000784,0.9364798408770711,0.7397584021982402,0.7397584021982402
HDGF,1.7524781482554033,1.525428854309511,1.7058795157192823,1.6636200118943232,1.9446321844587593,0.7449425332586305,0.7449425332586305
HLA-G,0.786663173345727,1.0864140603729884,0.9109735543794962,1.1278589052517791,0.7481732273219154,0.7707562669914024,0.7481732273219154
COL4A1,1.5805957678540232,1.6964259495943945,1.9021406736362325,1.2098883442445996,0.7555411954431,1.660302085966155,0.7555411954431
AQP1,1.714260085849439,1.3544655568148116,1.6235608242760715,1.2917095620680654,0.7635403999854831,1.100052815540547,0.7635403999854831
MYLK,2.115517973402506,4.8064038603964,2.796465185489454,0.7660476575566174,1.3553868052330407,3.1124883140223734,0.7660476575566174
CIRBP,1.016055423501112,1.0336264549704184,1.1505012105060508,0.8417885649179631,0.8835420112872352,0.7829181429827283,0.7829181429827283
HMGA1,1.502506900708051,1.5741930869999052,1.6518715274830085,1.7520379224624962,2.3573575302007757,0.7846060567677372,0.7846060567677372
PGK1,1.5421226205907592,1.454870329430926,1.5792222408935537,1.6819483530458523,1.641418535188068,0.7935874119762771,0.7935874119762771
HSPD1,1.511224189407566,1.405445308612231,1.5581109939240725,1.3222631446518174,1.448865977939111,0.8062362240560744,0.8062362240560744
TMA7,1.287393888184447,1.3270578521512042,1.3000127313607008,1.2627726763934857,1.1877290683154422,0.814699759372882,0.814699759372882
TAGLN,1.5082924375419064,1.9816952171828621,1.9169150690113044,0.8218063901266087,1.0613119472500434,2.4464961852655627,0.8218063901266087
PTN,2.0881152122706452,1.6399052330899728,1.8770762535359424,1.487648271405545,2.7936193068422153,0.8280109512576956,0.8280109512576956
KRT6B,2.1174924772291375,1.856283862689345,2.0604637103455237,1.8343724387815032,3.3660385344956762,0.8306795696728523,0.8306795696728523
PHGDH,2.339159977554616,1.7401400403730327,2.031850569224501,1.9199006488791062,2.9854949554077543,0.8319375512433274,0.8319375512433274
HSPG2,2.1390126154932783,1.9831310521976664,2.221411246602557,1.6036068079826122,0.8857470306234442,1.9010719620584449,0.8857470306234442
VWF,5.1209531348229245,7.594372398369941,6.392755589699617,6.876640617690229,0.9035200617273456,5.516342501760295,0.9035200617273456
LENG8,1.3681134230930254,1.3718253972642005,1.468384989600047,1.2512885962462519,1.2553943491708042,0.9229849521161922,0.9229849521161922
CD68,0.9287869588913991,5.7139061257535895,5.1800900281770135,5.237972097738614,3.018333990717707,5.766805903734236,0.9287869588913991
CXCL12,1.3014780980239802,1.6578982044488089,1.6822776796695633,1.4580582846006624,0.9360779970988073,3.7459098274648266,0.9360779970988073
MMP2,1.1812877607278371,1.3447232949569377,1.3682221795124208,1.1529897757444905,0.9406172402176345,2.4611490081190808,0.9406172402176345
MTHFD2,1.8563055129199744,1.8258977832321248,1.9517782097532659,1.923723049916147,2.1488198433954353,0.9588780550980056,0.9588780550980056
IRAK1,1.8434995719491847,1.7773694869368586,1.9911407596322441,1.9495157011480246,2.127625310969277,0.9918319185979747,0.9918319185979747
LAMB1,1.7724319537129472,1.8889022319608433,2.117228954088403,1.466811189317993,0.9927203249350603,1.9350471756593033,0.9927203249350603
ARHGDIB,1.0288089752825549,1.4285176032944646,1.1297777428046774,1.4701474691435854,1.000500248691381,1.3714563377043798,1.000500248691381
ANKRD17,2.000134664928496,1.7412386259950905,1.8988681641085416,1.841236862418228,1.9834531278490801,1.0018472922015118,1.0018472922015118
LUC7L3,1.623335069401552,1.4896468600315171,1.6260159599384,1.3777238381536965,1.443558910427987,1.0097033630993517,1.0097033630993517
RGS5,2.564184187757495,2.680590383240053,3.0342215406480837,1.8094564494795498,1.0126232272812707,2.978674521843487,1.0126232272812707
CHI3L1,2.316939013742817,1.7983486984374717,2.0585932121124757,2.2187060727695074,3.638491157168149,1.0155784713564453,1.0155784713564453
TACSTD2,2.575346273410613,2.102748267269617,2.332518017114128,1.9741929378962415,4.074181520700287,1.0190273532778926,1.0190273532778926
RER1,1.6852884766747518,1.6562561269711378,1.754179821556136,1.6624045734591706,1.6526213071497986,1.0312691317863043,1.0312691317863043
SERPINA3,2.159662973484811,1.9314024634388882,2.170340588461193,1.3701628958513352,2.896333880952131,1.0328918260815776,1.0328918260815776
GUSB,1.836156597185947,1.7293195806346255,1.8722669812945725,1.7602301020961233,1.8261495987399101,1.0485216559826698,1.0485216559826698
DNAJC3,1.5752762823018773,1.6863629105455977,1.78189242074686,1.6702174332398163,1.519636353421515,1.0498812778881765,1.0498812778881765
TFAP2A,2.7532579458735023,2.001064224074012,2.282676863855076,1.965415877733874,4.121571656834457,1.063319320622028,1.063319320622028
NPY1R,2.8504849026997965,1.9854350804283905,2.2351086986767186,2.712328925340841,3.885558099107305,1.1092956004183503,1.1092956004183503
TIMP1,1.2409168510734778,1.582978551349056,1.6081142478052903,1.267589581242156,1.1102867489648425,1.4091820531072499,1.1102867489648425
CD3E,3.1407971858553445,5.482696088301605,1.110877795044578,6.34709349141304,4.297168948130022,6.754955264922658,1.110877795044578
YY1AP1,1.768971230858654,1.6919906678582413,1.7273031581379084,1.6720943879727748,1.7074945573500437,1.1132300095021745,1.1132300095021745
PUM1,2.0142007918489657,1.827906811667413,1.9429694434497047,1.7925650921024294,1.9230578470996988,1.1140414809093027,1.1140414809093027
SLC39A6,2.046475079636195,1.7956844958462024,1.9921826840163355,1.5755646138851096,2.4089974698564407,1.1202306904810089,1.1202306904810089
PLVAP,4.189320529644815,4.494847204597977,4.916029863887224,3.505329756960958,1.120788337464383,5.234260055556647,1.120788337464383
FOXC1,2.7410129316863086,2.2719157541298305,2.4243870658281095,2.366020993025758,2.555214506684676,1.121796580466542,1.121796580466542
MYC,2.309678421922409,1.8747895676319153,2.0743377637412497,1.8862961088417065,2.210436617245378,1.1233182553930023,1.1233182553930023
KIT,2.875217806858529,2.047587939349466,2.2622463341345216,2.2547529616212922,3.944294484058567,1.13712980440942,1.13712980440942
CXCR4,1.7365891072189128,1.6095425315707863,1.5944450426460457,2.3114066139869114,2.0877600371103076,1.1382912027209353,1.1382912027209353
SCGB2A2,2.878849262608823,2.240500687294517,2.6328884508475543,2.8837856624091445,4.475962735526606,1.1383654618801204,1.1383654618801204
LAMA4,1.9459852654946121,1.75808935745712,1.9847103613518333,1.5679242477339876,1.1398024328931295,1.7071402573052494,1.1398024328931295
BIRC5,2.68217774490622,2.1591310848190153,2.502977782259577,2.574705660802479,3.5410660112460817,1.1554306732198139,1.1554306732198139
IGFBP5,1.897750416994709,1.7364348998680175,1.9096056683416753,1.2623811543399888,1.1627476441696565,1.6842448770023741,1.1627476441696565
SLC40A1,1.1731665632284725,1.2860285108650846,1.5377629365397447,1.2669551448918235,1.3300076181309723,1.2268666986127732,1.1731665632284725
ACTR3B,2.716633254991333,1.956502314128435,2.1521205470536366,2.3231426811880524,3.089565966690339,1.18769671774926,1.18769671774926
C1R,1.4715027108656056,1.485522303651848,1.5846725394998449,1.1899901250991969,1.3382423650554374,1.9762128881355339,1.1899901250991969
CCSER2,1.7257747176759257,1.7322438907572326,1.6391181890871913,1.555228250948752,1.5178532384483827,1.1903833321717003,1.1903833321717003
CDK5RAP3,1.8238369565278212,1.7983734052767981,1.8514700740302243,1.714132159356622,1.7887105176261322,1.1981472259489592,1.1981472259489592
TYMS,2.6535455215479815,2.255198671088607,2.566919880952957,2.5052028425432726,3.0379254376893483,1.234523643583714,1.234523643583714
CD8A,3.529701039148111,6.301895028074449,1.2423306634060618,7.772557769278919,5.099122478102583,5.80199355403873,1.2423306634060618
PDGFRB,2.0059456353602827,2.1623438433151896,2.6172943354067195,1.549935383321716,1.2555963245055528,5.053125362029084,1.2555963245055528
GASK1B,1.7929292141125266,2.5566214600161707,2.847545258960907,1.5854311095952902,1.2611898894087779,4.167282210711805,1.2611898894087779
MMP14,1.4092204604568075,1.655493667727687,1.8594874340411107,1.3252229940475626,1.3000910108010655,1.5356428978558148,1.3000910108010655
OPRPN,2.719049304749546,2.291513262447596,2.675884527467538,2.7826763712426197,4.714142892130177,1.3012264283720727,1.3012264283720727
CCDC80,1.608533368744182,1.6584266073820093,1.6991899656763012,1.4947470307532034,1.316539015500596,4.550280644068639,1.316539015500596
CDH3,2.857510258979412,2.3870639379522682,2.5883898160690535,1.9359062631663002,4.120296741417949,1.3194041140273542,1.3194041140273542
MYBL2,3.006387370977155,2.5039299087478653,2.7799550642048456,2.7872366629143697,3.784683580891112,1.326849000166032,1.326849000166032
IL1R1,1.6832382940882156,1.7516655068537286,1.872136632004598,1.5344960161735393,1.3294037842150295,2.128666647234785,1.3294037842150295
FLT1,4.24617700069406,4.862252612847413,5.288412196816893,3.415600039947004,1.3386218387096558,5.238689058821157,1.3386218387096558
TFRC,2.1781314347013776,2.174735923962429,2.234839007712904,2.250542182364585,2.804537132015417,1.3390014877331442,1.3390014877331442
DKC1,2.7378941291209413,2.3265521799908475,2.4623783404678776,2.5274883784650455,3.0806797889018274,1.344703135340486,1.344703135340486
TOP2A,2.900199816429337,2.499367687067911,2.766431784142122,2.8558329419470447,3.7097941060251616,1.3454898654674792,1.3454898654674792
HMGB2,2.289115826213738,2.2884043899916726,2.2627058549805175,2.308785662303497,2.5026149180489248,1.3528814012305643,1.3528814012305643
FASN,2.9667233796521897,2.418222343579981,2.599198626410822,2.5716968693489974,3.6140881806654175,1.358727074131411,1.358727074131411
CLEC14A,5.59494698241513,5.543698412137068,7.452459690159025,4.990049037456126,1.3593844901306613,6.793462271378421,1.3593844901306613
KRT23,3.0127351461065492,2.7404957179794076,2.841146099819654,2.75602741730472,4.585633428481746,1.3614824436976185,1.3614824436976185
NEO1,2.677214123829131,2.2400025776598915,2.4317989346120803,1.9939485152646257,3.0742885726007607,1.369537430881002,1.369537430881002
ERBB2,2.9518862856267685,2.3045842898220035,2.5676046288559133,2.239876975940243,3.5386958675301283,1.3768191259930154,1.3768191259930154
SEMA3C,2.5756038939969854,2.38546007394597,2.610433040142258,1.3853856192090737,3.5256374136882833,1.9638519884912633,1.3853856192090737
MDM2,1.7535109939654587,1.8403501229668116,1.8942562224851747,1.5942328080694388,1.6497257838447645,1.3891205788224694,1.3891205788224694
TRAF4,2.88627555458231,2.290977649992119,2.484772605261305,2.3086535770787355,2.885893671728659,1.3936413963975145,1.3936413963975145
BAG1,2.2241567902071337,2.1613781800700425,2.2724116772181233,1.9540221935927393,2.06834554151832,1.3978578031522146,1.3978578031522146
SLC2A1,3.0491741927179232,2.3734089250052857,2.55078254954171,2.880348687595475,3.9044358953251854,1.4137164847368073,1.4137164847368073
LIFR,2.861282245314627,2.2217452177115775,2.4308012803081573,2.2155627078743674,1.7883473830933148,1.4137645980347127,1.4137645980347127
TLN1,1.7109695563033125,2.060413800982262,1.8936285856365,1.601935930808198,1.4265120649301832,1.8537469890463454,1.4265120649301832
WFDC2,3.7664843224780604,2.6110153508904417,2.9041632550253835,2.6175471022394508,4.865117485053391,1.4564350116629379,1.4564350116629379
POLR2A,1.8499259567496211,1.8967471940348153,1.9527129218628896,1.6696739246909902,1.4838038241325662,1.5857272975377028,1.4838038241325662
KRT5,4.928348142103643,8.075907008250583,6.207844387306604,1.485280997801327,5.870285507334778,3.5424447252844047,1.485280997801327
KRT14,4.185318357231371,6.814930501875448,4.29129994803202,1.48538612092026,5.5828586514546386,2.3851709825986718,1.48538612092026
CD163,1.4876324931121525,3.9812268920017937,3.7918805532291664,4.53250978146609,3.4635428148106215,6.741806535005241,1.4876324931121525
FBLN1,1.6385521597022084,1.589755860700097,1.6997365945921266,1.4964474126798535,1.8507953024668837,1.94044908533821,1.4964474126798535
